<?xml version="1.0" encoding="UTF-8" standalone="yes"?>
<addon id="plugin.yandex-music" name="yandex-music" version="0.0.14" provider-name="me">
    <requires>
        <import addon="xbmc.python" version="2.25.0"/>
        <import addon="script.module.yandex-music" version="0.0.16"/>
        <import addon="script.module.simple.downloader" version="1.9.5"/>
        <import addon="script.module.pyxbmct" version="1.1.4"/>
    </requires>

    <extension point="xbmc.python.pluginsource" library="plugin.py">
        <provides>audio</provides>
    </extension>

    <extension point="xbmc.addon.metadata">
        <summary lang="en_gb">Yandex music</summary>
        <description lang="en_gb">Yandex music addon</description>
        <language>en_gb</language>
        <platform>all</platform>
    </extension>
</addon>
