<?xml version="1.0" encoding="UTF-8" standalone="yes"?>
<addon id="plugin.yandex-music" name="yandex-music" version="0.1.6" provider-name="Angelovich">
    <requires>
        <import addon="xbmc.python" version="3.0.0"/>
        <import addon="script.module.requests" version="2.9.1"/>
    </requires>

    <extension point="xbmc.python.pluginsource" library="plugin.py">
        <provides>audio</provides>
    </extension>
    <!-- start="[login|startup]" -->
    <!-- extension point="xbmc.service" library="service.py" start="startup"/-->

    <extension point="xbmc.addon.metadata">
        <summary lang="en_GB">Yandex music</summary>
        <description lang="en_GB">Yandex music addon</description>
        <language>en_gb</language>
		<platform>all</platform>
		<license>GNU Lesser General Public License v3.0</license>
        <assets>
            <icon>icon.png</icon>
        </assets>
    </extension>
</addon>
