<?xml version="1.0" encoding="UTF-8" standalone="yes"?>
<addon id="plugin.yandex-music" name="yandex-music" version="0.0.30" provider-name="Angelovich">
    <requires>
        <import addon="xbmc.python" version="2.25.0"/>
        <import addon="script.module.requests" version="2.22.0"/>
    </requires>

    <extension point="xbmc.python.pluginsource" library="plugin.py">
        <provides>audio</provides>
    </extension>
    <!-- start="[login|startup]" -->
    <!-- extension point="xbmc.service" library="service.py" start="startup"/-->


    <extension point="xbmc.addon.metadata">
        <summary lang="en_gb">Yandex music</summary>
        <description lang="en_gb">Yandex music addon</description>
        <language>en_gb</language>
        <platform>all</platform>
    </extension>
</addon>
